uuid,name,type,permalink,cb_url,rank,created_at,updated_at,legal_name,roles,domain,homepage_url,country_code,state_code,region,city,address,postal_code,status,short_description,category_list,category_groups_list,num_funding_rounds,total_funding_usd,total_funding,total_funding_currency_code,founded_on,last_funding_on,closed_on,employee_count,email,phone,facebook_url,linkedin_url,twitter_url,logo_url,alias1,alias2,alias3,primary_role,num_exits,revenue_range
b531d0a8-52dd-4189-91d1-3d7432d78d71,Meridian Entertainment Group,organization,meridian-entertainment-group,https://www.crunchbase.com/organization/meridian-entertainment-group,585500.0,2017-11-10 19:44:02,2019-03-30 01:33:40,,company,meridianconcerts.com,http://meridianconcerts.com,,,,,,,operating,"Meridian Entertainment Group provides with event and entertainment consultation, programming and management services in Michigan.","Consulting,Events","Events,Media and Entertainment",,,,,,,,1-10,info@meridianconcerts.com,231-935-3900,https://www.facebook.com/meridianentertainmentgroup,,https://www.twitter.com/meridianconcert,"https://crunchbase-production-res.cloudinary.com/image/upload/c_lpad,h_120,w_120,f_jpg/v1509753042/iirm0g9yl4qxexn8uooc.jpg",,,,company,,
094dbc9c-ca77-ec1c-4a92-be1092ef1052,RushRate,organization,rushrate,https://www.crunchbase.com/organization/rushrate,602764.0,2016-11-14 11:59:52,2018-02-12 23:27:40,,company,,,,,,,,,operating,Ranking potential members of a fraternity.,"Communities,Internet","Community and Lifestyle,Internet Services",1.0,,,,,2016-10-01,,unknown,,,,,,"https://crunchbase-production-res.cloudinary.com/image/upload/h_120,w_120,f_jpg/v1507847753/placeholder_zgpxrr.png",,,,company,,
d103ef85-1ac5-e952-2784-1d8f321aa0b3,Bishop Canevin High School,organization,bishop-canevin-high-school,https://www.crunchbase.com/organization/bishop-canevin-high-school,483700.0,2016-05-18 18:53:33,2018-10-26 21:47:45,,school,bishopcanevin.org,http://bishopcanevin.org/,USA,PA,Pennsylvania,Pittsburgh,2700 Morange Road,15205,operating,"Bishop Canevin High School is a Catholic high school in Pittsburgh, Pennsylvania.","E-Learning,Education,Higher Education","Education,Software",,,,,1958-08-17,,,101-250,info@bishopcanevin.org,412.456.3000,https://www.facebook.com/bishopcanevin,https://www.linkedin.com/company/bishop-canevin-high-school,https://twitter.com/bishopcanevin,"https://crunchbase-production-res.cloudinary.com/image/upload/c_lpad,h_120,w_120,f_jpg/v1463597520/imq2izxki4y29jkynpit.jpg",,,,school,,
0fbfb7ac-4015-1561-6d42-ec9c4a87a324,Paladina Health,organization,paladina-health,https://www.crunchbase.com/organization/paladina-health,7675.0,2016-09-02 08:49:36,2018-10-26 23:08:51,,company,paladinahealth.com,http://www.paladinahealth.com,USA,CO,Colorado,Denver,1551 Wewatta Street,80202,acquired,Paladina Health is an innovative employer-sponsored healthcare provider.,"Health Care,Hospital,Medical,Personal Health",Health Care,1.0,165000000.0,165000000.0,USD,2010-01-01,2018-08-23,,11-50,memberservices@paladinahealth.com,303-405-2100,https://www.facebook.com/206019739569801,https://www.linkedin.com/company/paladina-health,https://www.twitter.com/paladinahealth,"https://crunchbase-production-res.cloudinary.com/image/upload/c_lpad,h_120,w_120,f_jpg/v1472806170/sm4hopceixrj5dtprlwq.png",,,,company,,
1ec47fa1-0727-4a87-b872-7128ec94e7cd,Spire Group,organization,spire-group-pc,https://www.crunchbase.com/organization/spire-group-pc,520650.0,2018-12-17 09:57:58,2018-12-17 10:02:14,,company,spirecpa.com,http://www.spirecpa.com,USA,NJ,New Jersey,Clark,100 Walnut Avenue Suite 103,07066,acquired,Spire Group is a full-service accounting and consulting firm.,"Accounting,Consulting","Financial Services,Professional Services",,,,,,,,unknown,,,,https://www.linkedin.com/company/spire-group-pc/,,"https://crunchbase-production-res.cloudinary.com/image/upload/c_lpad,h_120,w_120,f_jpg/ol6rfg6u7wzut0fp9g2d",,,,company,,
b612bc69-c1dd-a92e-a349-a5b767922df8,Applied BioCode,organization,applied-biocode,https://www.crunchbase.com/organization/applied-biocode,37317.0,2013-07-05 20:04:08,2019-03-25 19:59:05,Applied BioCode Inc.,company,apbiocode.com,http://apbiocode.com,USA,CA,California,Santa Fe Springs,"10020 Pioneer Blvd., Suite 102",90670,operating,"Applied BioCode commercializes a multiplexing system used in clinical testing, life science research, medicine, and the AgBio field.","Biotechnology,Genetics,Health Diagnostics,Life Science","Biotechnology,Health Care,Science and Engineering",3.0,17505680.0,17505680.0,USD,2008-01-01,2016-04-08,,11-50,inquiry@apbiocode.com,(562)801-0050,,https://www.linkedin.com/company/appliedbiocode,,"https://crunchbase-production-res.cloudinary.com/image/upload/c_lpad,h_120,w_120,f_jpg/v1397180448/88376f41857507ce69e13ecf32798782.gif",,,,company,,$1M to $10M
7cd3d801-9379-c555-d145-e237a5120dbe,DimDrop,organization,dimdrop,https://www.crunchbase.com/organization/dimdrop,261056.0,2015-08-06 21:33:51,2019-03-25 20:02:56,,company,dimdrop.com,http://www.dimdrop.com,USA,TX,Texas,Houston,410 Pierce St,77007,operating,DimDrop's technology enables teams to easily create and track all mobile communications with customers.,"Communities,Developer Tools,Enterprise Software,Location Based Services,Mobile,SaaS","Community and Lifestyle,Data and Analytics,Internet Services,Mobile,Navigation and Mapping,Software",,,,,2013-07-09,,,1-10,facebook@dimdrop.com,+1 (888) 683-3685,https://www.facebook.com/DimDropLLC,https://www.linkedin.com/company/dimdrop,https://twitter.com/@dimdrop,"https://crunchbase-production-res.cloudinary.com/image/upload/c_lpad,h_120,w_120,f_jpg/v1438896535/qfbzwyekefujmyryz5kz.png",,,,company,,Less than $1M
a2f1dd46-1733-ad93-7197-8dcea98514a4,specdox,organization,specdox,https://www.crunchbase.com/organization/specdox,748269.0,2015-10-22 08:59:53,2019-03-25 18:39:55,,company,specdox.com,http://specdox.com,,,,,,,operating,"Specfox is a web specification tool that allows users to upload screens, add notes, and generate PDFs to share with their developers.","Information Technology,Robotics,Software","Hardware,Information Technology,Science and Engineering,Software",,,,,2015-01-01,,,1-10,,,https://www.facebook.com/specdox,,https://www.twitter.com/specdox,"https://crunchbase-production-res.cloudinary.com/image/upload/c_lpad,h_120,w_120,f_jpg/v1445504359/ovlwhqrqkarwc6bxbmom.jpg",,,,company,,Less than $1M
0cbe819b-a9c0-d059-b5c3-7e7a859c4ec7,Trainline Europe,organization,capitaine-train,https://www.crunchbase.com/organization/capitaine-train,19943.0,2013-06-19 16:39:59,2018-11-28 20:39:27,,company,trainline.eu,https://www.trainline.eu/,FRA,,Ile-de-France,Paris,20 rue Saint-Georges,75009,acquired,Trainline (formerly Captain Train) sells train tickets.,"Internet,Ticketing,Travel","Events,Internet Services,Media and Entertainment,Travel and Tourism",3.0,11984031.0,9400000.0,EUR,2009-02-08,2014-12-02,,11-50,o2o@genvayvar.rh,,https://www.facebook.com/trainline.eu,https://www.linkedin.com/showcase/trainline-eu/,https://twitter.com/trainline_eu,"https://crunchbase-production-res.cloudinary.com/image/upload/c_lpad,h_120,w_120,f_jpg/v1473199069/arbgzehwy4zxk17ik2ss.jpg",Captain Train,,,company,,
67a4cf68-14d2-486f-a94d-66a2b93f438d,Amplify ROI,organization,amplify-roi,https://www.crunchbase.com/organization/amplify-roi,409008.0,2018-08-27 13:49:27,2019-03-25 19:08:35,,company,amplify-roi.com,https://amplify-roi.com/,USA,FL,Florida,Jacksonville,4600 Touchton Rd #150,32246,operating,Digital Marketing Services,"Digital Marketing,SEO,Web Design","Design,Internet Services,Sales and Marketing",,,,,2014-02-01,,,1-10,info@amplify-roi.com,904-878-1960,https://www.facebook.com/amplifyroi/?fb_dtsg_ag=AdzOByikAcyAfR1DbxMP4MGy_6zzvnYDi2TALQoyuau_AQ%3AAdzWq1osvHjoglzVPvAZMkN6KXmwoF5XnMxld0DPPmh6NQ,https://www.linkedin.com/company/amplify-roi/,https://twitter.com/amplifyroi,"https://crunchbase-production-res.cloudinary.com/image/upload/c_lpad,h_120,w_120,f_jpg/d5guhqan7vxlzcxgsesx",Amplify ROI Jacksonville,,,company,,Less than $1M
96f38fd2-eaf3-7687-41ee-f16d9feca9ba,Forte Payment Systems,organization,forte-payment-systems,https://www.crunchbase.com/organization/forte-payment-systems,94378.0,2013-04-13 08:41:30,2018-10-26 22:19:31,,company,forte.net,http://www.forte.net,USA,TX,Texas,Allen,500 W. Bethany Suite 200,75013,acquired,Enterprise-Class Payment Solutions,"Developer APIs,Developer Tools,E-Commerce,Mobile,Mobile Payments,Payments","Commerce and Shopping,Financial Services,Mobile,Payments,Software",,,,,1998-10-01,,,101-250,jeff@forte.net,866.290.5400,http://www.facebook.com/fortepayments,https://www.linkedin.com/company/forte-payment-systems/,http://twitter.com/fortepayments,"https://crunchbase-production-res.cloudinary.com/image/upload/c_lpad,h_120,w_120,f_jpg/v1397752205/0e67ff9b29f9aab9adef088e84e67575.jpg",,,,company,,
46c2875f-a521-4e3c-a8f0-dafd3e1e8ba4,Samford University's Ida Moffett School of Nursing,organization,samford-university-s-ida-moffett-school-of-nursing,https://www.crunchbase.com/organization/samford-university-s-ida-moffett-school-of-nursing,84190.0,2018-06-07 08:15:03,2018-09-07 21:45:21,,school,samford.edu,https://www.samford.edu/nursing/,GBR,,Birmingham,Birmingham,"800 Lakeshore Drive,",35229,operating,Ida Moffett School of Nursing has experienced significant growth and transformation since its foundation.,"Higher Education,Nursing and Residential Care,Universities","Education,Health Care",1.0,2100000.0,2100000.0,USD,1922-01-01,2018-06-06,,unknown,,,https://www.facebook.com/IdaVMoffettSchoolofNursing,,https://twitter.com/Samford_Nursing,"https://crunchbase-production-res.cloudinary.com/image/upload/c_lpad,h_120,w_120,f_jpg/bsfk6rfxozwmsov87gwu",,,,school,,
afd0fe80-7225-45ea-b7d5-3884a70d173d,WOKO,organization,woko,https://www.crunchbase.com/organization/woko,347882.0,2018-03-07 05:47:43,2019-04-02 14:18:22,,company,woko.fr,http://www.woko.fr/,FRA,,Rhone-Alpes,Lyon,,,operating,Woko is an Asian fast food Company.,Restaurants,Food and Beverage,1.0,,,,2006-01-01,2017-04-05,,11-50,, 04 78 59 78 26,https://www.facebook.com/wokofrance/,https://www.linkedin.com/company/woko-cantine-viet/about/,,"https://crunchbase-production-res.cloudinary.com/image/upload/c_lpad,h_120,w_120,f_jpg/zltcdy2h7s1hx631z02c",,,,company,,
6f351beb-a714-41d2-ab51-8f8ecfee73fc,CompleteCampaigns.com,organization,completecampaigns-com,https://www.crunchbase.com/organization/completecampaigns-com,349582.0,2009-08-18 19:06:40,2018-10-26 21:56:30,,company,completecampaigns.com,http://completecampaigns.com,USA,CA,California,San Diego,"3635 Ruffin Road, 3rd Floor",92123,acquired,"CompleteCampaigns.com offers four main products: BackOffice, the flagship product, for fundraising, accounting and contact management;","E-Commerce,Internet,Software","Commerce and Shopping,Internet Services,Software",,,,,2000-01-01,,,1-10,support@completecampaigns.com,888-217-9600,https://www.facebook.com/aristotlenews,https://www.linkedin.com/company/aristotle,https://www.twitter.com/aristotlenews,"https://crunchbase-production-res.cloudinary.com/image/upload/c_lpad,h_120,w_120,f_jpg/v1397187963/4bb72501ea2ae7cbc5b8d72cee53f030.jpg",,,,company,,
d4193271-5711-e201-c850-db954c6bca3c,Azalle,organization,gz-digital-inc,https://www.crunchbase.com/organization/gz-digital-inc,259800.0,2016-03-31 19:54:46,2018-10-26 21:33:44,,company,azalle.com,https://azalle.com,USA,NY,New York,New York,379 W Broadway,10012,operating,"We're Azalle, a community of internet-obsessed digital experts.","Education,Social Media","Education,Internet Services,Media and Entertainment",,,,,2016-07-01,,,1-10,info@azalle.com,,https://www.facebook.com/azallecourses,,https://www.twitter.com/azallecourses,"https://crunchbase-production-res.cloudinary.com/image/upload/c_lpad,h_120,w_120,f_jpg/v1484763786/aqq5ixbdrsb68xfr8exw.png",,,,company,,
d9f5b65d-8b2a-4b2f-a9f3-5c4dbc17cc13,Limeyard brands,organization,limeyard-brands,https://www.crunchbase.com/organization/limeyard-brands,613965.0,2017-11-09 14:38:10,2018-10-26 22:42:36,,company,limeyardrestaurants.com,http://limeyardrestaurants.com/,GBR,,England,London,8 HIgh Street,W5 5DB,acquired,Limeyard brands is a french restaurant.,Restaurants,Food and Beverage,,,,,,,,unknown,info@limeyardrestaurants.com,,https://www.facebook.com/pg/LimeyardUK/,,https://twitter.com/limeyard,"https://crunchbase-production-res.cloudinary.com/image/upload/c_lpad,h_120,w_120,f_jpg/uiwmf3y4binngburhmpb",,,,company,,
532ec868-fed1-aa76-9668-506f1fed5f75,Rhode Island Airport Corporation,organization,rhode-island-airport-corporation,https://www.crunchbase.com/organization/rhode-island-airport-corporation,605693.0,2013-12-09 14:03:21,2019-03-25 18:55:46,,company,pvdairport.com,http://www.pvdairport.com,,,,,,,operating,Rhode Island Airport Corporation provides airport services for several airlines.,Travel,Travel and Tourism,,,,,1992-01-01,,,51-100,infodesk@pvdairport.com,4016912562,https://www.facebook.com/tfgreenairport,,https://www.twitter.com/tfgreenairport,"https://crunchbase-production-res.cloudinary.com/image/upload/h_120,w_120,f_jpg/v1507847753/placeholder_zgpxrr.png",,,,company,,$10M to $50M
ecba46c8-9c84-4737-95cb-ce853c150882,"Law Offices of Lee Steinberg, P.C.",organization,law-offices-of-lee-steinberg,https://www.crunchbase.com/organization/law-offices-of-lee-steinberg,475369.0,2013-11-24 18:17:26,2019-03-29 23:29:41,,company,1800leefree.com,http://www.1800leefree.com/,USA,MI,Michigan,Farmington Hills,30500 Northwestern Highway Suite 400,48334,operating,Protect your legal rights and call Lee Free at 1-800-LEE-FREE,Legal,Professional Services,,,,,1973-01-01,,,11-50,jsutton@trafficdigitalagency.com,8005333733,http://www.facebook.com/800LeeFree,https://www.linkedin.com/company/3644273,http://twitter.com/1800LeeFree,"https://crunchbase-production-res.cloudinary.com/image/upload/c_lpad,h_120,w_120,f_jpg/v1406051818/k1bl1xogotypke2mafw7.png",,,,company,,
0b96d395-e9db-8f16-4125-05c232589754,Unijobs,organization,unijobs,https://www.crunchbase.com/organization/unijobs,526416.0,2016-02-26 18:01:30,2018-02-12 23:49:40,,company,unijobs.holon.net,http://unijobs.holon.net,AUS,,Victoria,Brighton,12 & 75 Bay Street Brighton,3186,acquired,Global academic jobs website,"Enterprise Software,Human Resources,Recruiting","Professional Services,Software",,,,,2006-01-01,,,unknown,info@op.ac.nz,+64 3 445 9900,https://www.facebook.com/unijobs.holon,https://www.linkedin.com/company/213448,https://twitter.com/Unijobs,"https://crunchbase-production-res.cloudinary.com/image/upload/h_120,w_120,f_jpg/v1507847753/placeholder_zgpxrr.png",,,,company,,
1c5aa1cf-b4ac-afad-289b-45c20eeb4e22,TRI Dental Implants,organization,tri-dental-implants,https://www.crunchbase.com/organization/tri-dental-implants,165107.0,2014-09-12 07:12:23,2019-03-25 19:55:15,TRI Dental Implants Int. AG,company,tri-implants.com,http://www.tri-implants.com,CHE,,Zug,Hünenberg,Bösch 80A,CH-6331 ,operating,"TRI Dental Implants develops, designs, and manufactures dental implant systems.","Dental,Health Care,Manufacturing,Medical,Medical Device","Health Care,Manufacturing",1.0,,,,2011-12-01,2014-09-11,,101-250,info@tri-implants.swiss,+41 32 510 1600,http://www.facebook.com/TRIDentalImplants,http://www.linkedin.com/company/tri-dental-implants-int-ag,http://twitter.com/TRIdentimplants,"https://crunchbase-production-res.cloudinary.com/image/upload/c_lpad,h_120,w_120,f_jpg/v1410505912/ojcrfn3s4u24cms5l8ub.jpg",TRI,,,company,,Less than $1M
8bb6bd1f-f7ad-ae56-4f9e-cf5610d88816,NotifyVisitors,organization,notifyvisitors,https://www.crunchbase.com/organization/notifyvisitors,109234.0,2017-07-13 06:52:12,2019-03-25 20:05:44,,company,notifyvisitors.com,https://www.notifyvisitors.com/,USA,NY,New York,New York,25 Broadway 5th Floor Suite 5055,10004,operating,Notifyvisitors is simplest marketing automation software.,"Digital Marketing,Marketing,Software","Sales and Marketing,Software",,,,,,,,11-50,support@tagnpin.com,+1 415-580-6216,https://www.facebook.com/pg/notifyvisitors/,https://www.linkedin.com/company/notifyvisitors/,https://twitter.com/notifyvisitors,"https://crunchbase-production-res.cloudinary.com/image/upload/c_lpad,h_120,w_120,f_jpg/wqnx1isqfvx5ud3qxlcm",,,,company,,Less than $1M
dd460c62-31db-4fad-a1e2-11149f274415,Sellbitbuy,organization,sellbitbuy,https://www.crunchbase.com/organization/sellbitbuy,422333.0,2018-03-15 08:52:42,2018-10-26 23:05:14,,company,sellbitbuy.net,https://sellbitbuy.net,IND,,Tamil Nadu,Madurai,"No 22, Astalakshmi street, Lion City, Madurai, Tamil Nadu 625006",625006,operating,Sellbitbuy is an software company provides trading software for cryptocurrency. It helps the businessmen to start own crypto trading website,"Bitcoin,Cryptocurrency,Software","Financial Services,Payments,Software",,,,,2016-01-03,,,101-250,sellbitbuy@osiztechnologies.in,9791703519,https://www.facebook.com/Sellbitbuy-Local-Bitcoin-Exchange-Trading-Script-1226741424008061/,https://www.linkedin.com/in/sellbit-buy-3b3178121/,https://twitter.com/Sellbitbuy,"https://crunchbase-production-res.cloudinary.com/image/upload/c_lpad,h_120,w_120,f_jpg/q5mzo2z4bjae0d7qhwgh",,,,company,,
185f104f-62f0-d4e5-5ee9-d3d71f75fa35,University of Maiduguri,organization,university-of-maiduguri,https://www.crunchbase.com/organization/university-of-maiduguri,609667.0,2017-01-04 05:59:44,2018-02-12 23:55:56,,school,unimaid.edu.ng,http://www.unimaid.edu.ng,,,,,,,operating,The vision of the University is to be a first class institution committed to imparting knowledge and to extending its frontiers.,,,,,,,1975-01-01,,,251-500,,+234 8000-000-000,,,,"https://crunchbase-production-res.cloudinary.com/image/upload/c_lpad,h_120,w_120,f_jpg/v1483509557/gj3qjrnfbpezlvjhpufo.png",,,,school,,
0c4258e8-1c8c-3cc5-6b01-4447eb1a8b5f,Genwealth Venture Partners,organization,genwealth-venture-partners,https://www.crunchbase.com/organization/genwealth-venture-partners,178069.0,2013-01-30 19:13:44,2018-02-12 23:35:47,,investor,genwealthlp.com,http://www.genwealthlp.com,CAN,ON,Ontario,Toronto,51 Wolseley Street Ontario,M5T 1A4,operating,Genwealth Venture Partners is an entrepreneur-centric investment fund that finances early stage technology companies.,,,,,,,2011-01-01,,,1-10,,,,,,"https://crunchbase-production-res.cloudinary.com/image/upload/c_lpad,h_120,w_120,f_jpg/v1397178886/b57dd9c50c515cdcf2103462565c34a1.jpg",,,,investor,,
29b8dcda-0a03-4bab-afe5-50843817b0ca,Coolturebox,organization,coolturebox,https://www.crunchbase.com/organization/coolturebox,67110.0,2018-11-02 09:57:52,2018-11-02 09:57:52,,company,coolturebox.com,https://coolturebox.com/,ESP,,Madrid,Las Rozas,C / CHILE,28290,operating,Coolturebox is a company which is the best selection of cultural leisure.,Leisure,Community and Lifestyle,1.0,195388.0,171590.0,EUR,,2018-11-02,,unknown,CUSTOMERS@COOLTUREBOX.COM,902 599 996,,,,"https://crunchbase-production-res.cloudinary.com/image/upload/c_lpad,h_120,w_120,f_jpg/ctjlvsrkojgf9zhk3loj",,,,company,,
c027ad81-3380-46bd-8144-7cb55035f68e,Adani Transmission,organization,adani-transmission,https://www.crunchbase.com/organization/adani-transmission,290851.0,2018-04-25 09:22:42,2019-03-25 19:47:29,,company,adanitransmission.com,http://www.adanitransmission.com/,IND,,Gujarat,Ahmedabad,,,operating,Adani Transmission is one of the largest private sector power transmission companies.,Energy,Energy,,,,,,,,unknown,,,,,,"https://crunchbase-production-res.cloudinary.com/image/upload/c_lpad,h_120,w_120,f_jpg/qz3eqsqwtcfvbmpnmgpj",,,,company,,$100M to $500M
1aee6e06-abcd-43e8-b6ea-36f53dd32123,WTSP-TV,organization,wtsp-tv,https://www.crunchbase.com/organization/wtsp-tv,356576.0,2017-11-10 19:55:55,2019-03-30 00:29:25,,company,wtsp.com,http://wtsp.com,,,,,,,operating,"WTSP-TV is a broadcast media company offering news, breaking news, weather, and live streaming services.","Broadcasting,Digital Media,News,Publishing","Content and Publishing,Media and Entertainment,Video",,,,,,,,101-250,tips@wtsp.com,727-577-8550,https://www.facebook.com/10newswtsp,,https://www.twitter.com/wtsp10news,"https://crunchbase-production-res.cloudinary.com/image/upload/c_lpad,h_120,w_120,f_jpg/v1509763544/q24etldzt4jgijv2e0fj.png",,,,company,,
0e00195a-d6d4-1cbd-cc4a-5882d5695d94,University of Salford,organization,university-of-salford,https://www.crunchbase.com/organization/university-of-salford,168950.0,2014-09-26 11:56:12,2018-06-11 06:19:51,,school,salford.ac.uk,http://www.salford.ac.uk,GBR,,Oxfordshire,Salford,The Crescent,M5 4WT,operating,University of Salford is an institute of higher learning that offers both graduate and undergraduate programs.,Universities,,,,,,1850-01-01,,,unknown,,,http://www.facebook.com/salforduni,,,"https://crunchbase-production-res.cloudinary.com/image/upload/c_lpad,h_120,w_120,f_jpg/v1440498454/ubcdgd4dktrjo4iwavfd.jpg",,,,school,,
847b8746-22d9-6fb4-7f5b-685bf0ece33e,Garagista Media,organization,garagista-media,https://www.crunchbase.com/organization/garagista-media,477558.0,2015-02-04 17:15:14,2018-10-26 22:18:15,,company,garagistamedia.com,http://garagistamedia.com/,NZL,,Auckland,Warkworth,,,operating,"Marketing, PR, journalism, SEO and social media strategy to accelerate your business.","Public Relations,SEO,Social Media","Internet Services,Media and Entertainment,Sales and Marketing",,,,,,,,unknown,hello@garagistamedia.com,6494250378,,,,"https://crunchbase-production-res.cloudinary.com/image/upload/c_lpad,h_120,w_120,f_jpg/v1423070100/dbjqmzmb7t21cumwjq8f.png",,,,company,,
19f41267-dbcf-8e5f-5cf5-23f71eab472b,Indovance,organization,indovance,https://www.crunchbase.com/organization/indovance,242004.0,2009-05-25 13:46:43,2019-03-29 23:47:32,,company,indovance.com,http://www.indovance.com,USA,NC,North Carolina,Cary,412 Chime Ct.,27519,operating,Indovance is one of Indiaâ€™s leading CAD and drafting outsourcing services provider with itâ€™s design and drafting office located in,Consulting,,,,,,2003-01-01,,,51-100,info@indovance.com,+1 (919) 238-4044,http://www.facebook.com/indovance,http://www.linkedin.com/company/indovance-inc.,https://www.twitter.com/indovance,"https://crunchbase-production-res.cloudinary.com/image/upload/c_lpad,h_120,w_120,f_jpg/v1397209050/155acff97bf2c448ea02539948dbe984.png",,,,company,,
b5027981-e3ac-6b4a-4528-6f6fab4ffe0c,Wall & Broadway,organization,wall-broadway,https://www.crunchbase.com/organization/wall-broadway,471679.0,2016-09-20 05:35:25,2018-02-12 23:59:19,,company,wallbroadway.com,http://www.wallbroadway.com/,USA,CA,California,Rancho Santa Fe,P.O Box 3742,92067,acquired,"Wall & Broadway straightforward, bespoke and modular public relations services for start-ups who understand the power of customer.","Communities,Public Relations","Community and Lifestyle,Sales and Marketing",,,,,2016-01-01,,,1-10,,(858)373-7052,https://www.facebook.com/wallbroadway/,https://www.linkedin.com/company/wall-&-broadway,https://twitter.com/wall_broadway,"https://crunchbase-production-res.cloudinary.com/image/upload/c_lpad,h_120,w_120,f_jpg/v1474349652/inyqag1rpojy4nvllxq7.png",,,,company,,
609af976-1c25-b1b3-9f9c-2a98d7feb7d1,AutomationDirect,organization,automationdirect,https://www.crunchbase.com/organization/automationdirect,150852.0,2014-07-24 15:36:19,2019-03-25 20:03:07,,company,automationdirect.com,http://www.automationdirect.com/,,,,,,,operating,"AutomationDirect is a distributor of 10,000+ industrial automation products, such as Programmable Logic Controllers (PLCs) & much more.","Electronics,Hardware,Manufacturing","Consumer Electronics,Hardware,Manufacturing",,,,,1994-01-01,,,251-500,info@automationdirect.com,7708444211,https://www.facebook.com/automationdirect,https://www.linkedin.com/company/automationdirect,http://twitter.com/AutomationDirec,"https://crunchbase-production-res.cloudinary.com/image/upload/c_lpad,h_120,w_120,f_jpg/v1406215961/i7nsssj0hldgiuvcobag.jpg",,,,company,,$100M to $500M
c78ff57e-9a9c-0860-e6ba-beb4b977e75a,Attocube,organization,attocube,https://www.crunchbase.com/organization/attocube,687173.0,2014-07-26 11:46:53,2018-07-23 07:13:29,,company,,,KOR,,Seoul-t'ukpyolsi,Seoul,Gangnam-gu Dogok 2(i)-dong Building No. 517-10 KAIST 205-1,135854,operating,Atto Cube is an online game platform for children to play educational and mind games.,"Children,Education,Gaming","Education,Gaming",,,,,2014-03-24,,,501-1000,,+1 718-606-9851,,,,"https://crunchbase-production-res.cloudinary.com/image/upload/c_lpad,h_120,w_120,f_jpg/v1406375197/nvb22abdnrtrjbgjbawg.jpg",아토큐브,,,company,,
dd68e7d0-b9ea-3c7a-00c8-b1c6fb580e3c,Shuford Insurance Agency,organization,shuford-insurance-agency,https://www.crunchbase.com/organization/shuford-insurance-agency,746630.0,2017-05-23 11:28:50,2018-02-12 23:51:06,,company,,,USA,NC,North Carolina,Concord,"1036 Branchview Drive, NE Suite 100",28025,acquired,Shuford Insurance is an independent insurance agency offering personal and commercial property/casualty insurance products and services.,Insurance,Financial Services,,,,,1938-01-01,,,unknown,,(704)788-2125,,,,"https://crunchbase-production-res.cloudinary.com/image/upload/h_120,w_120,f_jpg/v1507847753/placeholder_zgpxrr.png",,,,company,,
6e1acc60-9624-187f-4bae-8104b91a26b1,Haskell Communications Pvt. Ltd,organization,haskell-communications-pvt-ltd,https://www.crunchbase.com/organization/haskell-communications-pvt-ltd,567999.0,2016-06-13 13:31:52,2019-03-25 20:02:06,,company,slc-haskell.com,http://slc-haskell.com/,IND,,Karnataka,Bangalore,215/1 2nd Main 7th Cross Indiranagar 1st Stage,560084,operating,"Haskell Communications Pvt. Ltd., provides niche project management and deployment services in the telecom space.","CRM,Information Technology,Telecommunications,Virtual Reality","Hardware,Information Technology,Sales and Marketing,Software",,,,,2008-01-01,,,11-50,,,,,,"https://crunchbase-production-res.cloudinary.com/image/upload/h_120,w_120,f_jpg/v1507847753/placeholder_zgpxrr.png",,,,company,,$1M to $10M
634f4620-10bf-400e-8ef6-3875a260e46e,Whynatte Enterprises,organization,whynatte-enterprises,https://www.crunchbase.com/organization/whynatte-enterprises,400218.0,2018-05-11 06:11:20,2019-03-25 20:26:12,,company,whynatte.com,http://www.whynatte.com,USA,GA,Georgia,Atlanta,745 Edgewood Avenue NE,30307,operating,Whynatte Enterprises is a beverage company that produces and sells ready-to-drink coffees.,Food and Beverage,Food and Beverage,1.0,,,,2009-01-01,2014-02-09,,1-10,,,https://www.facebook.com/whynatte,https://www.linkedin.com/company/whynatte-enterprises-llc,https://twitter.com/whynatte,"https://crunchbase-production-res.cloudinary.com/image/upload/c_lpad,h_120,w_120,f_jpg/gnodwrxuirt49whfnjld",,,,company,,Less than $1M
1f19206c-6ec6-42d4-9204-2e55fb8ad3bd,Fully Functional,organization,fully-functional,https://www.crunchbase.com/organization/fully-functional,473976.0,2018-12-03 00:02:40,2018-12-03 00:02:40,,company,fullyfunctional.com.au,https://fullyfunctional.com.au/,,,,,,,operating,Allied Healthcare and Health resource website,"Health Care,Health Diagnostics,Personal Health",Health Care,,,,,,,,unknown,,,,,,"https://crunchbase-production-res.cloudinary.com/image/upload/h_120,w_120,f_jpg/v1507847753/placeholder_zgpxrr.png",,,,company,,
dd0382f4-c16c-4f94-94ac-b655128def6a,Fox Electronics,organization,fox-electronics,https://www.crunchbase.com/organization/fox-electronics,504694.0,2017-11-10 19:37:27,2019-03-25 18:50:04,,company,foxonline.com,http://foxonline.com,,,,,,,operating,"Fox Electronics manufactures crystal oscillator's design and supply in Lee County, Florida.","Electronics,Manufacturing,Product Design,Wearables","Consumer Electronics,Design,Hardware,Manufacturing",,,,,,,,1001-5000,,239-693-1554,https://www.facebook.com/foxelectronics1,https://www.linkedin.com/company/fox-electronics,https://www.twitter.com/foxelectronics1,"https://crunchbase-production-res.cloudinary.com/image/upload/c_lpad,h_120,w_120,f_jpg/v1509751520/ega5q3fvpmsj3uwjnzo8.jpg",,,,company,,$1M to $10M
daa9dd72-86f3-bafd-c9ec-88fb18eeed2a,ALBERT,organization,albert-2,https://www.crunchbase.com/organization/albert-2,15806.0,2015-03-19 07:40:27,2018-12-11 11:14:30,ALBERT Inc.,company,albert2005.co.jp,http://www.albert2005.co.jp/,JPN,,Tokyo,Tokyo,"Shinjuku Nomura Building, 15F 1-26-2, Nishi-Shinjuku, Shinjuku-ku",163-0515,ipo,ALBERT offers businesses with analytics and consulting services to assist them in their business decision making.,"Analytics,Database","Data and Analytics,Software",1.0,21756468.0,2409890000.0,JPY,2005-07-01,2016-11-21,,unknown,,+81359097525,https://www.facebook.com/albertinc,,https://www.twitter.com/albert2005,"https://crunchbase-production-res.cloudinary.com/image/upload/c_lpad,h_120,w_120,f_jpg/v1426750637/w5iss7nastbe5lx86iby.jpg",,,,company,,
b0bb16e6-e189-f711-b168-8d08c3ce30b7,East Balt Bakeries,organization,east-balt-bakeries,https://www.crunchbase.com/organization/east-balt-bakeries,213388.0,2017-07-24 10:55:47,2018-08-08 05:06:40,,company,eastbalt.com,http://www.eastbalt.com,USA,IL,Illinois,Chicago,1801 West 31st Place,60608,acquired,"East Balt Bakeries produces buns, bagels, English muffins, tortillas, breads, and specialty bakery products.",Food Processing,Food and Beverage,,,,,1955-01-01,,,1001-5000,info@businessphone.com,(773)376-4444,,https://www.linkedin.com/company-beta/142997/,,"https://crunchbase-production-res.cloudinary.com/image/upload/c_lpad,h_120,w_120,f_jpg/v1500893712/ur7iiykcj4rjbtpmtmev.png",,,,company,,
8f910889-e30c-9f3a-fed9-7f7a96b3c5ae,Newland Payment Technology,organization,newland-payment-technology,https://www.crunchbase.com/organization/newland-payment-technology,220517.0,2017-07-28 06:16:16,2018-10-26 23:03:31,,company,newlandpayment.com,http://www.newlandpayment.com,CHN,,Fujian,Fuhou,"New Century Science and Technology Park, Rujiang West Road Fuzhou Software Park, No. 89 Software Avenue",350015,operating,"Newland Payment Technology focused on the development of electronic payment products, sales and sales solutions.","Electronics,Financial Services,Payments,Sales","Consumer Electronics,Financial Services,Hardware,Payments,Sales and Marketing",,,,,1994-01-01,,,1001-5000,pos@newlandpayment.com,+059183979921,,https://www.linkedin.com/company-beta/13221069,,"https://crunchbase-production-res.cloudinary.com/image/upload/c_lpad,h_120,w_120,f_jpg/v1501222266/luobfsghdayy4qcxxjnt.png",,,,company,,
5bcb0e25-fd81-7475-7abb-293870abd9f8,Roofs By Nicholas,organization,roofs-by-nicholas,https://www.crunchbase.com/organization/roofs-by-nicholas,594731.0,2015-10-24 09:27:30,2019-03-25 19:50:50,,company,roofsbynicholas.com,http://www.roofsbynicholas.com/,USA,TX,Texas,Grapevine,756 Port America Place Suite 700,76051,operating,Roofs By Nicholas installs and repairs all types of commercial and residential roofs,"Building Material,Construction,Home Renovation",Real Estate,1.0,,,,1988-01-01,2010-09-01,,11-50,,18174210295,https://www.facebook.com/roofsbynicholas,,,"https://crunchbase-production-res.cloudinary.com/image/upload/c_lpad,h_120,w_120,f_jpg/v1445678846/som3nlvhmynwhzje6qot.png",,,,company,,Less than $1M
391ece76-5545-4672-ab2e-7aeda3169c29,Boostberg,organization,boostberg,https://www.crunchbase.com/organization/boostberg,375405.0,2017-10-12 06:55:19,2018-10-26 21:45:58,,company,boostberg.com,http://www.boostberg.com,DEU,,Niedersachsen,Hanover,,30171,operating,centralized platform for all marketing and communication channels (focused on Millennials),"Advertising,E-Commerce,Information Technology,Marketing,Software","Advertising,Commerce and Shopping,Information Technology,Sales and Marketing,Software",,,,,,,,1-10,ana@boostberg.com,0049-176-550-83-250,https://www.facebook.com/boostberg.bot/,https://www.linkedin.com/in/boostberg-social-38a987142/,https://twitter.com/Boostberg,"https://crunchbase-production-res.cloudinary.com/image/upload/c_lpad,h_120,w_120,f_jpg/ri9bndipjxry6zbfkzhu",,,,company,,
040b8bfa-3262-8af7-47dd-50b1ef77b97e,"SGM Law Group, Law Offices of Shilpa Malik",organization,sgm-law-group,https://www.crunchbase.com/organization/sgm-law-group,320831.0,2014-12-11 18:09:41,2019-03-25 19:14:06,,company,immi-usa.com,http://www.immi-usa.com/,USA,FL,Florida,Fort Lauderdale,800 Corporate Drive Suite 206,33334,operating,"SGM Law Group is a well-known immigration firm in Fort Lauderdale, FL delivering the most up-to-date immigration services","Consulting,Legal",Professional Services,,,,,,,,1-10,info@immi-usa.com,(877) 811-3541,https://www.facebook.com/sgmimmigrationlaw,,https://www.twitter.com/shilpamalikesq,"https://crunchbase-production-res.cloudinary.com/image/upload/c_lpad,h_120,w_120,f_jpg/v1418320838/hnxhanj01etfzxuvi42r.jpg",,,,company,,Less than $1M
42c17d64-0f5f-4674-8551-f9758cbbc489,"Professional Benefit Administrators, Inc.",organization,professional-benefit-administrators-inc,https://www.crunchbase.com/organization/professional-benefit-administrators-inc,338656.0,2017-11-10 19:47:58,2019-03-29 23:13:03,,company,pbaclaims.com,http://pbaclaims.com,,,,,,,operating,Professional Benefit Administrators is an insurance company offering benefits management services.,,,,,,,,,,101-250,,800.435.5694,https://www.facebook.com/pbaclaims,https://www.linkedin.com/company/professional-benefit-administrators-inc-,,"https://crunchbase-production-res.cloudinary.com/image/upload/h_120,w_120,f_jpg/v1507847753/placeholder_zgpxrr.png",,,,company,,
16db7a09-974e-1b2b-3034-ad53e35864f0,Qubecell,organization,qubecell,https://www.crunchbase.com/organization/qubecell,248592.0,2013-11-22 02:00:47,2018-10-26 23:13:30,,company,qubecell.com,http://qubecell.com,IND,,Maharashtra,Mumbai,"104, 28 East Side Tower, Andheri Link Road Andheri West",400053,acquired,Simplified Mobile Payments,"Billing,Finance,Mobile Payments","Financial Services,Mobile,Payments,Software",1.0,,,,2012-01-01,2013-01-01,,11-50,info@qubecell.com,,,,,"https://crunchbase-production-res.cloudinary.com/image/upload/c_lpad,h_120,w_120,f_jpg/v1397184626/2569a9829cda1c3f2573fd1dfc9ff047.png",,,,company,,
17818d55-4f93-94b1-6b80-575a7cdc5878,Critical Force,organization,critical-force,https://www.crunchbase.com/organization/critical-force,13752.0,2016-09-05 07:14:56,2019-03-29 23:34:32,Critical Force Oy,company,criticalforce.fi,http://criticalforce.fi/presskit/,FIN,,Oulu,Kajaani,Kauppakatu 7,87100,operating,Critical Force is a Finnish video game company,"Gaming,Mobile Devices,Video Games","Consumer Electronics,Gaming,Hardware,Mobile",2.0,10760303.0,10760303.0,USD,2012-01-01,2018-06-19,,11-50,juri@criticalforce.fi,+358505974534,https://www.facebook.com/CriticalForceLtd/,https://www.linkedin.com/company/critical-force-entertainment,https://twitter.com/criticalforceet,"https://crunchbase-production-res.cloudinary.com/image/upload/c_lpad,h_120,w_120,f_jpg/v1473059691/rnawevpbi9gsqq4xqh6c.png",,,,company,,
6affc1c0-318a-f333-0e2f-8f6e65d78b27,Farmacia Online Italia,organization,farmacia-online-italia,https://www.crunchbase.com/organization/farmacia-online-italia,195047.0,2015-04-27 10:55:33,2018-02-12 23:43:47,,company,farmaciasanita.com,http://www.farmaciasanita.com/,,,,,,,operating,"Online pharmacy, widespread across Europe and Italy, which offers range of available medical products that can be purchased easily",Health Care,Health Care,,,,,2014-02-14,,,unknown,,,,,,"https://crunchbase-production-res.cloudinary.com/image/upload/c_lpad,h_120,w_120,f_jpg/v1430132188/azvfmbjardb6rbqxhvq8.jpg",,,,company,,
758f0b00-65fc-8dae-f38a-fa4bbb01a4c9,Binary Mango,organization,binary-mango,https://www.crunchbase.com/organization/binary-mango,456842.0,2017-05-01 23:13:24,2018-10-26 22:37:45,,company,thebinarymango.com,http://www.thebinarymango.com,USA,FL,Florida,Hallandale,"800 Silks Run, Suite 2360",33009,operating,Hi-tech Development Firm,Web Development,Software,,,,,2016-09-06,,,unknown,hello@iomango.com,(305)450-9523,,,,"https://crunchbase-production-res.cloudinary.com/image/upload/c_lpad,h_120,w_120,f_jpg/v1493680334/akzeamiye4vmmvufclcd.png",,,,company,,
c044b6a3-2aef-4dc1-8a70-1294f7365f20,BLUR,organization,blur,https://www.crunchbase.com/organization/blur,178132.0,2019-03-20 05:13:41,2019-03-20 05:13:41,"EXTA, INC.",company,theblurapp.com,http://theblurapp.com/,USA,NY,New York,New York,20 Exchange Place,10005,operating,BLUR is Provider of a technology for sharing mobile games with other users.,Internet,Internet Services,,,,,2014-01-01,,,11-50,,,,https://www.linkedin.com/company/texta-inc-/,https://twitter.com/theblurapp,"https://crunchbase-production-res.cloudinary.com/image/upload/c_lpad,h_120,w_120,f_jpg/pdixymotz7cqyagqrsox",,,,company,,
